model,num_runs,validation_precision_mean,validation_precision_std,validation_accuracy_mean,validation_accuracy_std,validation_recall_mean,validation_recall_std,validation_f1_mean,validation_f1_std,test_precision_mean,test_precision_std,test_accuracy_mean,test_accuracy_std,test_recall_mean,test_recall_std,test_f1_mean,test_f1_std
gcn,5,0.8470013603160937,0.029915680333191013,0.948406466512702,0.007151153763881417,0.8281159420289855,0.06457493542570672,0.8356359274779624,0.029160390699014955,0.5046300288669037,0.06414106598914125,0.9408702459390696,0.006570643742264184,0.45527192008879025,0.01580163709231024,0.4762529331542413,0.01960280333826979
gat,5,0.8678262840102121,0.052205760645512175,0.955150115473441,0.006481753731594897,0.8539130434782608,0.05745604604802894,0.8583224554113471,0.020920326770400344,0.48587205060083355,0.04736344992807577,0.9390045012720986,0.005479615353695443,0.4490566037735849,0.0787880434622805,0.46175083607993983,0.041902148450022283
hgnn,5,0.9532681845545625,0.016661638548198174,0.9802309468822171,0.0023978470858969612,0.9214492753623189,0.013802398203836677,0.9369399893669114,0.007521663778250173,0.8458016986870864,0.049593395044773884,0.9621371257094398,0.0037294701265227475,0.4392896781354051,0.08479278402926788,0.57293575765487,0.07158312709544046
evolvegcn_o,5,0.8383520343924975,0.02708918601329988,0.9530254041570438,0.004389813648346974,0.8753623188405797,0.02815849163438473,0.8558948642265232,0.012836410512589193,0.4970562196202456,0.05650159504419157,0.9403875008154478,0.006209477647916436,0.48390677025527185,0.026683274761756512,0.4891521927978779,0.03264094963977613
hgt,5,0.9511955133751522,0.007621513534607797,0.9807390300230947,0.0026763943844467534,0.9266666666666667,0.010019933923155755,0.9387656287481558,0.008602546814789225,0.8675333973688625,0.0396420971124299,0.9631287102876899,0.001773046907093083,0.4415094339622641,0.035632094135598244,0.5840090002101722,0.02896576395742171
graph_transformer,5,0.8628974313584189,0.04835348548784629,0.959907621247113,0.011212940864428918,0.8918840579710146,0.016157957950340564,0.8768845011733939,0.0323841884722631,0.498318496171834,0.04988423594526047,0.9403222649879313,0.00665699576448893,0.5007769145394007,0.03584751030088583,0.4972408353032625,0.02408724606349987
gat_resnet,5,0.7651130096968063,0.0451957194181415,0.9315011547344112,0.0061420582754984025,0.8304347826086957,0.040592648041046134,0.7946439706398738,0.009370641375820133,0.3532359088641995,0.026247287634117763,0.9130145475895362,0.00800590065129731,0.5667036625971142,0.033788446267676533,0.43424905675743125,0.019439249360982958
heterosage,5,0.9370788391785199,0.01290164543985052,0.9761662817551964,0.0022827554352243063,0.9118840579710146,0.014651306615768226,0.9241929199829328,0.007371922515754389,0.78108194194349,0.006782006010237465,0.9623328331919889,0.000618193371543178,0.49922308546059935,0.018644627615568232,0.6089098392326578,0.012382140527732862
bf_hgn,5,0.9171412920707993,0.03890027546094224,0.9720092378752888,0.013072899175035624,0.9063768115942029,0.05463787337066871,0.9113131029819683,0.042216655164460146,0.6768552865954115,0.11012626766078772,0.9551047035031639,0.007733871746816979,0.4903440621531631,0.029857572486615552,0.5641720665487708,0.0386098848655579
tthgnn_qif,5,0.977070764177429,0.007100494965425669,0.9900230946882218,0.0005977911827041365,0.96,0.007502712524953475,0.9684191257422959,0.0019111998799599206,0.8433701352535028,0.029643112640147014,0.9703176984800053,0.0016302431991127547,0.6088790233074362,0.018365042212539893,0.7068641746017117,0.015033715237145789
